{
	"info": {
		"_postman_id": "ff04e9d0-1770-4711-830e-c81e854d404e",
		"name": "Banking V2 _RunCollection Clear Db",
		"schema": "https://schema.getpostman.com/json/collection/v2.1.0/collection.json",
		"_exporter_id": "4920194",
		"_collection_link": "https://galactic-spaceship-458056.postman.co/workspace/Banking.Api~67392012-56fe-4339-88ca-7db63048af9a/collection/4920194-ff04e9d0-1770-4711-830e-c81e854d404e?action=share&source=collection_link&creator=4920194"
	},
	"item": [
		{
			"name": "Delete owner1",
			"request": {
				"method": "DELETE",
				"header": [],
				"url": {
					"raw": "http://localhost:5100/banking/v2/owners/10000000-0000-0000-0000-000000000000",
					"protocol": "http",
					"host": [
						"localhost"
					],
					"port": "5100",
					"path": [
						"banking",
						"v2",
						"owners",
						"10000000-0000-0000-0000-000000000000"
					]
				}
			},
			"response": []
		},
		{
			"name": "Delete owner2",
			"request": {
				"method": "GET",
				"header": [],
				"url": {
					"raw": "http://localhost:5100/banking/v2/owners/20000000-0000-0000-0000-000000000000",
					"protocol": "http",
					"host": [
						"localhost"
					],
					"port": "5100",
					"path": [
						"banking",
						"v2",
						"owners",
						"20000000-0000-0000-0000-000000000000"
					]
				}
			},
			"response": []
		},
		{
			"name": "Delete owner3",
			"request": {
				"method": "DELETE",
				"header": [],
				"url": {
					"raw": "http://localhost:5100/banking/v2/owners/30000000-0000-0000-0000-000000000000",
					"protocol": "http",
					"host": [
						"localhost"
					],
					"port": "5100",
					"path": [
						"banking",
						"v2",
						"owners",
						"30000000-0000-0000-0000-000000000000"
					]
				}
			},
			"response": []
		},
		{
			"name": "Delete owner4",
			"request": {
				"method": "DELETE",
				"header": [],
				"url": {
					"raw": "http://localhost:5100/banking/v2/owners/40000000-0000-0000-0000-000000000000",
					"protocol": "http",
					"host": [
						"localhost"
					],
					"port": "5100",
					"path": [
						"banking",
						"v2",
						"owners",
						"40000000-0000-0000-0000-000000000000"
					]
				}
			},
			"response": []
		},
		{
			"name": "Delete owner5",
			"request": {
				"method": "DELETE",
				"header": [],
				"url": {
					"raw": "http://localhost:5100/banking/v2/owners/50000000-0000-0000-0000-000000000000",
					"protocol": "http",
					"host": [
						"localhost"
					],
					"port": "5100",
					"path": [
						"banking",
						"v2",
						"owners",
						"50000000-0000-0000-0000-000000000000"
					]
				}
			},
			"response": []
		},
		{
			"name": "Delete owner6",
			"request": {
				"method": "DELETE",
				"header": [],
				"url": {
					"raw": "http://localhost:5100/banking/v2/owners/60000000-0000-0000-0000-000000000000",
					"protocol": "http",
					"host": [
						"localhost"
					],
					"port": "5100",
					"path": [
						"banking",
						"v2",
						"owners",
						"60000000-0000-0000-0000-000000000000"
					]
				}
			},
			"response": []
		}
	]
}