{
	"info": {
		"_postman_id": "1fb645a3-fcfb-4f86-99c3-9ae92c881314",
		"name": "Banking V2 Owner",
		"schema": "https://schema.getpostman.com/json/collection/v2.1.0/collection.json",
		"_exporter_id": "4920194",
		"_collection_link": "https://galactic-spaceship-458056.postman.co/workspace/Banking.Api~67392012-56fe-4339-88ca-7db63048af9a/collection/4920194-1fb645a3-fcfb-4f86-99c3-9ae92c881314?action=share&source=collection_link&creator=4920194"
	},
	"item": [
		{
			"name": "Get owner1",
			"request": {
				"method": "GET",
				"header": [],
				"url": {
					"raw": "http://localhost:5100/banking/v2/owners/10000000-0000-0000-0000-000000000000",
					"protocol": "http",
					"host": [
						"localhost"
					],
					"port": "5100",
					"path": [
						"banking",
						"v2",
						"owners",
						"10000000-0000-0000-0000-000000000000"
					]
				}
			},
			"response": []
		},
		{
			"name": "Get owner2",
			"request": {
				"method": "GET",
				"header": [],
				"url": {
					"raw": "http://localhost:5100/banking/v2/owners/20000000-0000-0000-0000-000000000000",
					"protocol": "http",
					"host": [
						"localhost"
					],
					"port": "5100",
					"path": [
						"banking",
						"v2",
						"owners",
						"20000000-0000-0000-0000-000000000000"
					]
				}
			},
			"response": []
		},
		{
			"name": "Get owner3",
			"request": {
				"method": "GET",
				"header": [],
				"url": {
					"raw": "http://localhost:5100/banking/v2/owners/30000000-0000-0000-0000-000000000000",
					"protocol": "http",
					"host": [
						"localhost"
					],
					"port": "5100",
					"path": [
						"banking",
						"v2",
						"owners",
						"30000000-0000-0000-0000-000000000000"
					]
				}
			},
			"response": []
		},
		{
			"name": "Get owner4 by name",
			"request": {
				"method": "GET",
				"header": [],
				"url": {
					"raw": "http://localhost:5100/banking/v2/owners/name?name=Benno Bauer",
					"protocol": "http",
					"host": [
						"localhost"
					],
					"port": "5100",
					"path": [
						"banking",
						"v2",
						"owners",
						"name"
					],
					"query": [
						{
							"key": "name",
							"value": "Benno Bauer"
						}
					]
				}
			},
			"response": []
		},
		{
			"name": "Get owner5 by name",
			"request": {
				"method": "GET",
				"header": [],
				"url": {
					"raw": "http://localhost:5100/banking/v2/owners/name?name=Christine Conrad",
					"protocol": "http",
					"host": [
						"localhost"
					],
					"port": "5100",
					"path": [
						"banking",
						"v2",
						"owners",
						"name"
					],
					"query": [
						{
							"key": "name",
							"value": "Christine Conrad"
						}
					]
				}
			},
			"response": []
		},
		{
			"name": "Get owner6 by name",
			"request": {
				"method": "GET",
				"header": [],
				"url": {
					"raw": "http://localhost:5100/banking/v2/owners/name?name=Dana Deppe",
					"protocol": "http",
					"host": [
						"localhost"
					],
					"port": "5100",
					"path": [
						"banking",
						"v2",
						"owners",
						"name"
					],
					"query": [
						{
							"key": "name",
							"value": "Dana Deppe"
						}
					]
				}
			},
			"response": []
		},
		{
			"name": "Post owner1",
			"request": {
				"method": "POST",
				"header": [
					{
						"key": "Content-Type",
						"value": "application/json"
					},
					{
						"key": "Accept",
						"value": "application/json"
					}
				],
				"body": {
					"mode": "raw",
					"raw": "{\r\n    \"id\": \"10000000-0000-0000-0000-000000000000\",\r\n    \"name\": \"Erika Mustermann\",\r\n    \"birthdate\": \"1988-02-01T00:00:00Z\",\r\n    \"email\": \"erika.mustermann@t.online.de\"\r\n}",
					"options": {
						"raw": {
							"language": "json"
						}
					}
				},
				"url": {
					"raw": "http://localhost:5100/banking/v2/owners",
					"protocol": "http",
					"host": [
						"localhost"
					],
					"port": "5100",
					"path": [
						"banking",
						"v2",
						"owners"
					]
				}
			},
			"response": []
		},
		{
			"name": "Post owner2",
			"request": {
				"method": "POST",
				"header": [
					{
						"key": "Content-Type",
						"value": "application/json"
					},
					{
						"key": "Accept",
						"value": "application/json"
					}
				],
				"body": {
					"mode": "raw",
					"raw": "{\r\n    \"id\": \"20000000-0000-0000-0000-000000000000\",\r\n    \"name\": \"Max Mustermann\",\r\n    \"birthdate\": \"1980-12-31T00:00:00Z\",\r\n    \"email\": \"max.mustermann@gmail.com\"\r\n}",
					"options": {
						"raw": {
							"language": "json"
						}
					}
				},
				"url": {
					"raw": "http://localhost:5100/banking/v2/owners",
					"protocol": "http",
					"host": [
						"localhost"
					],
					"port": "5100",
					"path": [
						"banking",
						"v2",
						"owners"
					]
				}
			},
			"response": []
		},
		{
			"name": "Post owner3",
			"request": {
				"method": "POST",
				"header": [
					{
						"key": "Content-Type",
						"value": "application/json"
					},
					{
						"key": "Accept",
						"value": "application/json"
					}
				],
				"body": {
					"mode": "raw",
					"raw": "{\r\n    \"id\": \"30000000-0000-0000-0000-000000000000\",\r\n    \"name\": \"Arne Arndt\",\r\n    \"birthdate\": \"1969-04-11T00:00:00Z\",\r\n    \"email\": \"a.arndt@t.online.de\"\r\n}",
					"options": {
						"raw": {
							"language": "json"
						}
					}
				},
				"url": {
					"raw": "http://localhost:5100/banking/v2/owners",
					"protocol": "http",
					"host": [
						"localhost"
					],
					"port": "5100",
					"path": [
						"banking",
						"v2",
						"owners"
					]
				}
			},
			"response": []
		},
		{
			"name": "Post owner4",
			"request": {
				"method": "POST",
				"header": [
					{
						"key": "Content-Type",
						"value": "application/json"
					},
					{
						"key": "Accept",
						"value": "application/json"
					}
				],
				"body": {
					"mode": "raw",
					"raw": "{\r\n    \"id\": \"40000000-0000-0000-0000-000000000000\",\r\n    \"name\": \"Benno Bauer\",\r\n    \"birthdate\": \"1965-05-18T00:00:00Z\",\r\n    \"email\": \"b.bauer@gmail.com\"\r\n}",
					"options": {
						"raw": {
							"language": "json"
						}
					}
				},
				"url": {
					"raw": "http://localhost:5100/banking/v2/owners",
					"protocol": "http",
					"host": [
						"localhost"
					],
					"port": "5100",
					"path": [
						"banking",
						"v2",
						"owners"
					]
				}
			},
			"response": []
		},
		{
			"name": "Post owner5",
			"request": {
				"method": "POST",
				"header": [
					{
						"key": "Content-Type",
						"value": "application/json"
					},
					{
						"key": "Accept",
						"value": "application/json"
					}
				],
				"body": {
					"mode": "raw",
					"raw": "{\r\n    \"id\": \"50000000-0000-0000-0000-000000000000\",\r\n    \"name\": \"Christine Conrad\",\r\n    \"birthdate\": \"1972-06-07T00:00:00Z\",\r\n    \"email\": \"c.conrad@gmx.de\"\r\n}",
					"options": {
						"raw": {
							"language": "json"
						}
					}
				},
				"url": {
					"raw": "http://localhost:5100/banking/v2/owners",
					"protocol": "http",
					"host": [
						"localhost"
					],
					"port": "5100",
					"path": [
						"banking",
						"v2",
						"owners"
					]
				}
			},
			"response": []
		},
		{
			"name": "Post owner6",
			"request": {
				"method": "POST",
				"header": [
					{
						"key": "Content-Type",
						"value": "application/json"
					},
					{
						"key": "Accept",
						"value": "application/json"
					}
				],
				"body": {
					"mode": "raw",
					"raw": "{\r\n    \"id\": \"60000000-0000-0000-0000-000000000000\",\r\n    \"name\": \"Dana Deppe\",\r\n    \"birthdate\": \"1978-09-11T00:00:00\",\r\n    \"email\": \"d.deppe@icloud.com\"\r\n}",
					"options": {
						"raw": {
							"language": "json"
						}
					}
				},
				"url": {
					"raw": "http://localhost:5100/banking/v2/owners",
					"protocol": "http",
					"host": [
						"localhost"
					],
					"port": "5100",
					"path": [
						"banking",
						"v2",
						"owners"
					]
				}
			},
			"response": []
		},
		{
			"name": "Put owner1",
			"request": {
				"method": "PUT",
				"header": [
					{
						"key": "Content-Type",
						"value": "application/json"
					},
					{
						"key": "Accept",
						"value": "application/json"
					}
				],
				"body": {
					"mode": "raw",
					"raw": "{\r\n    \"id\": \"10000000-0000-0000-0000-000000000000\",\r\n    \"name\": \"Erika Meier\",\r\n    \"email\": \"erika.meier@icloud.com\"\r\n}",
					"options": {
						"raw": {
							"language": "json"
						}
					}
				},
				"url": {
					"raw": "http://localhost:5100/banking/v2/owners/10000000-0000-0000-0000-000000000000",
					"protocol": "http",
					"host": [
						"localhost"
					],
					"port": "5100",
					"path": [
						"banking",
						"v2",
						"owners",
						"10000000-0000-0000-0000-000000000000"
					]
				}
			},
			"response": []
		},
		{
			"name": "Delete owner1",
			"request": {
				"method": "DELETE",
				"header": [],
				"url": {
					"raw": "http://localhost:5100/banking/v2/owners/10000000-0000-0000-0000-000000000000",
					"protocol": "http",
					"host": [
						"localhost"
					],
					"port": "5100",
					"path": [
						"banking",
						"v2",
						"owners",
						"10000000-0000-0000-0000-000000000000"
					]
				}
			},
			"response": []
		},
		{
			"name": "Delete owner2",
			"request": {
				"method": "GET",
				"header": [],
				"url": {
					"raw": "http://localhost:5100/banking/v2/owners/20000000-0000-0000-0000-000000000000",
					"protocol": "http",
					"host": [
						"localhost"
					],
					"port": "5100",
					"path": [
						"banking",
						"v2",
						"owners",
						"20000000-0000-0000-0000-000000000000"
					]
				}
			},
			"response": []
		},
		{
			"name": "Delete owner3",
			"request": {
				"method": "DELETE",
				"header": [],
				"url": {
					"raw": "http://localhost:5100/banking/v2/owners/30000000-0000-0000-0000-000000000000",
					"protocol": "http",
					"host": [
						"localhost"
					],
					"port": "5100",
					"path": [
						"banking",
						"v2",
						"owners",
						"30000000-0000-0000-0000-000000000000"
					]
				}
			},
			"response": []
		},
		{
			"name": "Delete owner4",
			"request": {
				"method": "DELETE",
				"header": [],
				"url": {
					"raw": "http://localhost:5100/banking/v2/owners/40000000-0000-0000-0000-000000000000",
					"protocol": "http",
					"host": [
						"localhost"
					],
					"port": "5100",
					"path": [
						"banking",
						"v2",
						"owners",
						"40000000-0000-0000-0000-000000000000"
					]
				}
			},
			"response": []
		},
		{
			"name": "Delete owner5",
			"request": {
				"method": "DELETE",
				"header": [],
				"url": {
					"raw": "http://localhost:5100/banking/v2/owners/50000000-0000-0000-0000-000000000000",
					"protocol": "http",
					"host": [
						"localhost"
					],
					"port": "5100",
					"path": [
						"banking",
						"v2",
						"owners",
						"50000000-0000-0000-0000-000000000000"
					]
				}
			},
			"response": []
		},
		{
			"name": "Delete owner6",
			"request": {
				"method": "DELETE",
				"header": [],
				"url": {
					"raw": "http://localhost:5100/banking/v2/owners/60000000-0000-0000-0000-000000000000",
					"protocol": "http",
					"host": [
						"localhost"
					],
					"port": "5100",
					"path": [
						"banking",
						"v2",
						"owners",
						"60000000-0000-0000-0000-000000000000"
					]
				}
			},
			"response": []
		}
	]
}